True;C:\EasyCutBeta\ExampleDxf\Pup 200 Rta 6500\totale\Ali centraggio cilindro 2pz sp10.dxf;-;-;Ali centraggio cilindro 2pz sp10;2;10;-;
True;C:\EasyCutBeta\ExampleDxf\Pup 200 Rta 6500\totale\Att balestra su telaio 2pz sp10.dxf;-;-;Att balestra su telaio 2pz sp10;2;10;-;
True;C:\EasyCutBeta\ExampleDxf\Pup 200 Rta 6500\totale\Att braccio 2pz sp8.DXF;-;-;Att braccio 2pz sp8;2;8;-;
True;C:\EasyCutBeta\ExampleDxf\Pup 200 Rta 6500\totale\Att braccio su vasca 2pz sp8.DXF;-;-;Att braccio su vasca 2pz sp8;2;8;-;
True;C:\EasyCutBeta\ExampleDxf\Pup 200 Rta 6500\totale\Att cil 2pz sp8.dxf;-;-;Att cil 2pz sp8;2;8;-;
True;C:\EasyCutBeta\ExampleDxf\Pup 200 Rta 6500\totale\Att cilindro 4pz sp 8-10.DXF;-;-;Att cilindro 4pz sp 8-10;4;8;-;
True;C:\EasyCutBeta\ExampleDxf\Pup 200 Rta 6500\totale\Att cilindro su vasca 2pz sp8.dxf;-;-;Att cilindro su vasca 2pz sp8;2;8;-;
True;C:\EasyCutBeta\ExampleDxf\Pup 200 Rta 6500\totale\Att sotto cilindro 2 pz sp8-10.DXF;-;-;Att sotto cilindro 2 pz sp8-10;2;8;-;
True;C:\EasyCutBeta\ExampleDxf\Pup 200 Rta 6500\totale\Attacco balestra sotto 1pz sp8.dxf;-;-;Attacco balestra sotto 1pz sp8;1;8;-;
True;C:\EasyCutBeta\ExampleDxf\Pup 200 Rta 6500\totale\attacco parafango 2pz sp4.DXF;-;-;attacco parafango 2pz sp4;2;4;-;
True;C:\EasyCutBeta\ExampleDxf\Pup 200 Rta 6500\totale\Attacco portellone 2pz sp8.DXF;-;-;Attacco portellone 2pz sp8;2;8;-;
True;C:\EasyCutBeta\ExampleDxf\Pup 200 Rta 6500\totale\Attacco proboscide su telaio 2pz sp6.dxf;-;-;Attacco proboscide su telaio 2pz sp6;2;6;-;
True;C:\EasyCutBeta\ExampleDxf\Pup 200 Rta 6500\totale\Attacco sponde ant 2pz sp3.dxf;-;-;Attacco sponde ant 2pz sp3;2;3;-;
True;C:\EasyCutBeta\ExampleDxf\Pup 200 Rta 6500\totale\Attacco sponde lat e post 8pz sp3.dxf;-;-;Attacco sponde lat e post 8pz sp3;8;3;-;
True;C:\EasyCutBeta\ExampleDxf\Pup 200 Rta 6500\totale\Barra luce 1pz zinc2.dxf;-;-;Barra luce 1pz zinc2;1;2;-;
True;C:\EasyCutBeta\ExampleDxf\Pup 200 Rta 6500\totale\Bisc atta balestra 2pz sp15.dxf;-;-;Bisc atta balestra 2pz sp15;2;15;-;
True;C:\EasyCutBeta\ExampleDxf\Pup 200 Rta 6500\totale\Blocco 2pz sp10.dxf;-;-;Blocco 2pz sp10;2;10;-;
True;C:\EasyCutBeta\ExampleDxf\Pup 200 Rta 6500\totale\blocco fermo cilindro stabilizz 4pz sp8.dxf;-;-;blocco fermo cilindro stabilizz 4pz sp8;4;8;-;
True;C:\EasyCutBeta\ExampleDxf\Pup 200 Rta 6500\totale\Dente anteriore 1pz zinc sp2.dxf;-;-;Dente anteriore 1pz zinc sp2;1;2;-;
True;C:\EasyCutBeta\ExampleDxf\Pup 200 Rta 6500\totale\faccia ext 2pz sp5.DXF;-;-;faccia ext 2pz sp5;2;5;-;
True;C:\EasyCutBeta\ExampleDxf\Pup 200 Rta 6500\totale\faccia int 2pz sp5.DXF;-;-;faccia int 2pz sp5;2;5;-;
True;C:\EasyCutBeta\ExampleDxf\Pup 200 Rta 6500\totale\Fasciame ant lat 2pz sp3.DXF;-;-;Fasciame ant lat 2pz sp3;2;3;-;
True;C:\EasyCutBeta\ExampleDxf\Pup 200 Rta 6500\totale\Fasciame post lat 2pz sp3.DXF;-;-;Fasciame post lat 2pz sp3;2;3;-;
True;C:\EasyCutBeta\ExampleDxf\Pup 200 Rta 6500\totale\Fazz est att vasca per vasca 2pz sp4 prova.dxf;-;-;Fazz est att vasca per vasca 2pz sp4 prova;2;4;-;
True;C:\EasyCutBeta\ExampleDxf\Pup 200 Rta 6500\totale\Fazz est att vasca per vasca 2pz sp4.DXF;-;-;Fazz est att vasca per vasca 2pz sp4;2;4;-;
True;C:\EasyCutBeta\ExampleDxf\Pup 200 Rta 6500\totale\Fazz int  att vasca per vasca 2pz sp4.DXF;-;-;Fazz int  att vasca per vasca 2pz sp4;2;4;-;
True;C:\EasyCutBeta\ExampleDxf\Pup 200 Rta 6500\totale\Fermo per cilindro di discesa 1pz sp6.dxf;-;-;Fermo per cilindro di discesa 1pz sp6;1;6;-;
True;C:\EasyCutBeta\ExampleDxf\Pup 200 Rta 6500\totale\Fianco proboscide 2pz sp6.dxf;-;-;Fianco proboscide 2pz sp6;2;6;-;
True;C:\EasyCutBeta\ExampleDxf\Pup 200 Rta 6500\totale\Fianco timone 2pz sp 6.dxf;-;-;Fianco timone 2pz sp 6;2;6;-;
True;C:\EasyCutBeta\ExampleDxf\Pup 200 Rta 6500\totale\Flangia filtro 1pz sp10.dxf;-;-;Flangia filtro 1pz sp10;1;10;-;
True;C:\EasyCutBeta\ExampleDxf\Pup 200 Rta 6500\totale\Fondo ant 1pz sp5.DXF;-;-;Fondo ant 1pz sp5;1;5;-;
True;C:\EasyCutBeta\ExampleDxf\Pup 200 Rta 6500\totale\Fondo post 1pz sp5.DXF;-;-;Fondo post 1pz sp5;1;5;-;
True;C:\EasyCutBeta\ExampleDxf\Pup 200 Rta 6500\totale\Fondo serb 1pz sp3.dxf;-;-;Fondo serb 1pz sp3;1;3;-;
True;C:\EasyCutBeta\ExampleDxf\Pup 200 Rta 6500\totale\Frontalino ant 2pz sp4.dxf;-;-;Frontalino ant 2pz sp4;2;4;-;
True;C:\EasyCutBeta\ExampleDxf\Pup 200 Rta 6500\totale\Gancio 4pz sp10.dxf;-;-;Gancio 4pz sp10;4;10;-;
True;C:\EasyCutBeta\ExampleDxf\Pup 200 Rta 6500\totale\Gancio per togliere sponde 2pz sp8.dxf;-;-;Gancio per togliere sponde 2pz sp8;2;8;-;
True;C:\EasyCutBeta\ExampleDxf\Pup 200 Rta 6500\totale\Guida 4pz sp10.dxf;-;-;Guida 4pz sp10;4;10;-;
True;C:\EasyCutBeta\ExampleDxf\Pup 200 Rta 6500\totale\Lam avanti interna 2pz sp4.DXF;-;-;Lam avanti interna 2pz sp4;2;4;-;
True;C:\EasyCutBeta\ExampleDxf\Pup 200 Rta 6500\totale\Lam dietro interna 2pz sp4.DXF;-;-;Lam dietro interna 2pz sp4;2;4;-;
True;C:\EasyCutBeta\ExampleDxf\Pup 200 Rta 6500\totale\Lam ext braccio 2pz sp4.DXF;-;-;Lam ext braccio 2pz sp4;2;4;-;
True;C:\EasyCutBeta\ExampleDxf\Pup 200 Rta 6500\totale\Lam int braccio 2pz sp4.DXF;-;-;Lam int braccio 2pz sp4;2;4;-;
True;C:\EasyCutBeta\ExampleDxf\Pup 200 Rta 6500\totale\Lam portellone 1pz sp3.DXF;-;-;Lam portellone 1pz sp3;1;3;-;
True;C:\EasyCutBeta\ExampleDxf\Pup 200 Rta 6500\totale\Laterale 2pz sp5.DXF;-;-;Laterale 2pz sp5;2;5;-;
True;C:\EasyCutBeta\ExampleDxf\Pup 200 Rta 6500\totale\Longherone tel 2pz ipe 270.dxf;-;-;Longherone tel 2pz ipe 270;2;10;-;
True;C:\EasyCutBeta\ExampleDxf\Pup 200 Rta 6500\totale\Orec sopra 4pz sp8.dxf;-;-;Orec sopra 4pz sp8;4;8;-;
True;C:\EasyCutBeta\ExampleDxf\Pup 200 Rta 6500\totale\Orecc lat soprasp dietro 2pz sp3.dxf;-;-;Orecc lat soprasp dietro 2pz sp3;2;3;-;
True;C:\EasyCutBeta\ExampleDxf\Pup 200 Rta 6500\totale\Orechie sotto ant 2pz sp8.dxf;-;-;Orechie sotto ant 2pz sp8;2;8;-;
True;C:\EasyCutBeta\ExampleDxf\Pup 200 Rta 6500\totale\Orechie sotto post 2pz sp8.dxf;-;-;Orechie sotto post 2pz sp8;2;8;-;
True;C:\EasyCutBeta\ExampleDxf\Pup 200 Rta 6500\totale\parafango 2pz sp1.5.DXF;-;-;parafango 2pz sp1.5;2;1.5;-;
True;C:\EasyCutBeta\ExampleDxf\Pup 200 Rta 6500\totale\Parte centrale 1 pz sp3.DXF;-;-;Parte centrale 1 pz sp3;1;3;-;
True;C:\EasyCutBeta\ExampleDxf\Pup 200 Rta 6500\totale\Parte centrale 1pz sp5.DXF;-;-;Parte centrale 1pz sp5;1;5;-;
True;C:\EasyCutBeta\ExampleDxf\Pup 200 Rta 6500\totale\parte laterale 2pz sp3.DXF;-;-;parte laterale 2pz sp3;2;3;-;
True;C:\EasyCutBeta\ExampleDxf\Pup 200 Rta 6500\totale\Parte laterale 2pz sp5.DXF;-;-;Parte laterale 2pz sp5;2;5;-;
True;C:\EasyCutBeta\ExampleDxf\Pup 200 Rta 6500\totale\Parte sopra avanti timone 1pz sp6.dxf;-;-;Parte sopra avanti timone 1pz sp6;1;6;-;
True;C:\EasyCutBeta\ExampleDxf\Pup 200 Rta 6500\totale\Parte sopra indietro timone 1pz sp6.dxf;-;-;Parte sopra indietro timone 1pz sp6;1;6;-;
True;C:\EasyCutBeta\ExampleDxf\Pup 200 Rta 6500\totale\parte sotto 1pz sp5.DXF;-;-;parte sotto 1pz sp5;1;5;-;
True;C:\EasyCutBeta\ExampleDxf\Pup 200 Rta 6500\totale\Parte sotto 2 pz sp3.DXF;-;-;Parte sotto 2 pz sp3;2;3;-;
True;C:\EasyCutBeta\ExampleDxf\Pup 200 Rta 6500\totale\Parte sotto timone 1pz sp6.dxf;-;-;Parte sotto timone 1pz sp6;1;6;-;
True;C:\EasyCutBeta\ExampleDxf\Pup 200 Rta 6500\totale\Pezzo ant 1pz sp1.5.dxf;-;-;Pezzo ant 1pz sp1.5;1;1.5;-;
True;C:\EasyCutBeta\ExampleDxf\Pup 200 Rta 6500\totale\pezzo post 1pz sp1.5.dxf;-;-;pezzo post 1pz sp1.5;1;1.5;-;
True;C:\EasyCutBeta\ExampleDxf\Pup 200 Rta 6500\totale\Piastr att ant timone 1pz sp8.dxf;-;-;Piastr att ant timone 1pz sp8;1;8;-;
True;C:\EasyCutBeta\ExampleDxf\Pup 200 Rta 6500\totale\Piastr att post  timone 1pz sp8.dxf;-;-;Piastr att post  timone 1pz sp8;1;8;-;
True;C:\EasyCutBeta\ExampleDxf\Pup 200 Rta 6500\totale\Piastra att su att 2pz sp8.DXF;-;-;Piastra att su att 2pz sp8;2;8;-;
True;C:\EasyCutBeta\ExampleDxf\Pup 200 Rta 6500\totale\Piastra att su vasca 2pz sp8.DXF;-;-;Piastra att su vasca 2pz sp8;2;8;-;
True;C:\EasyCutBeta\ExampleDxf\Pup 200 Rta 6500\totale\Piastra att timone 2pz sp10.dxf;-;-;Piastra att timone 2pz sp10;2;10;-;
True;C:\EasyCutBeta\ExampleDxf\Pup 200 Rta 6500\totale\Piastra attacco cilindro 4pz sp8.dxf;-;-;Piastra attacco cilindro 4pz sp8;4;8;-;
True;C:\EasyCutBeta\ExampleDxf\Pup 200 Rta 6500\totale\Piastra base cilindro 1pz sp10.dxf;-;-;Piastra base cilindro 1pz sp10;1;10;-;
True;C:\EasyCutBeta\ExampleDxf\Pup 200 Rta 6500\totale\Piastra saldata su pistone asse 4pz sp8.dxf;-;-;Piastra saldata su pistone asse 4pz sp8;4;8;-;
True;C:\EasyCutBeta\ExampleDxf\Pup 200 Rta 6500\totale\Piastra sopra balestra 1pz sp8.dxf;-;-;Piastra sopra balestra 1pz sp8;1;8;-;
True;C:\EasyCutBeta\ExampleDxf\Pup 200 Rta 6500\totale\Protezione 1pz sp2 zinc.dxf;-;-;Protezione 1pz sp2 zinc;1;2;-;
True;C:\EasyCutBeta\ExampleDxf\Pup 200 Rta 6500\totale\Protezione fanali 2pz sp3.dxf;-;-;Protezione fanali 2pz sp3;2;3;-;
True;C:\EasyCutBeta\ExampleDxf\Pup 200 Rta 6500\totale\Quarto attacco 2pz sp4.DXF;-;-;Quarto attacco 2pz sp4;2;4;-;
True;C:\EasyCutBeta\ExampleDxf\Pup 200 Rta 6500\totale\rinf ant 2pz sp3.dxf;-;-;rinf ant 2pz sp3;2;3;-;
True;C:\EasyCutBeta\ExampleDxf\Pup 200 Rta 6500\totale\Rinf ant telaio 2pz sp3.dxf;-;-;Rinf ant telaio 2pz sp3;2;3;-;
True;C:\EasyCutBeta\ExampleDxf\Pup 200 Rta 6500\totale\Rinf latelale longherone 6pz sp2.dxf;-;-;Rinf latelale longherone 6pz sp2;6;2;-;
True;C:\EasyCutBeta\ExampleDxf\Pup 200 Rta 6500\totale\Rinf laterale 2pz sp8.dxf;-;-;Rinf laterale 2pz sp8;2;8;-;
True;C:\EasyCutBeta\ExampleDxf\Pup 200 Rta 6500\totale\Rinf post est telaio 2pz sp3.dxf;-;-;Rinf post est telaio 2pz sp3;2;3;-;
True;C:\EasyCutBeta\ExampleDxf\Pup 200 Rta 6500\totale\Rinf post int telaio 1pz sp4.dxf;-;-;Rinf post int telaio 1pz sp4;1;4;-;
True;C:\EasyCutBeta\ExampleDxf\Pup 200 Rta 6500\totale\Rinf sopra timone 1pz sp8.dxf;-;-;Rinf sopra timone 1pz sp8;1;8;-;
True;C:\EasyCutBeta\ExampleDxf\Pup 200 Rta 6500\totale\Rinf sotto  timone 1pz sp8.dxf;-;-;Rinf sotto  timone 1pz sp8;1;8;-;
True;C:\EasyCutBeta\ExampleDxf\Pup 200 Rta 6500\totale\Scatolato tamp nicch  braccio  2pz sp4.DXF;-;-;Scatolato tamp nicch  braccio  2pz sp4;2;4;-;
True;C:\EasyCutBeta\ExampleDxf\Pup 200 Rta 6500\totale\Scuadreta piede 1pz sp10.dxf;-;-;Scuadreta piede 1pz sp10;1;10;-;
True;C:\EasyCutBeta\ExampleDxf\Pup 200 Rta 6500\totale\secondo att su paraf 1pz sp3.DXF;-;-;secondo att su paraf 1pz sp3;1;3;-;
True;C:\EasyCutBeta\ExampleDxf\Pup 200 Rta 6500\totale\Secondo attacco 2pz sp4.DXF;-;-;Secondo attacco 2pz sp4;2;4;-;
True;C:\EasyCutBeta\ExampleDxf\Pup 200 Rta 6500\totale\Ser later con tappo 1pz sp2.dxf;-;-;Ser later con tappo 1pz sp2;1;2;-;
True;C:\EasyCutBeta\ExampleDxf\Pup 200 Rta 6500\totale\Sovrasp avanti 2pz sp2.dxf;-;-;Sovrasp avanti 2pz sp2;2;2;-;
True;C:\EasyCutBeta\ExampleDxf\Pup 200 Rta 6500\totale\Sovrasp dietro 1pz sp2.dxf;-;-;Sovrasp dietro 1pz sp2;1;2;-;
True;C:\EasyCutBeta\ExampleDxf\Pup 200 Rta 6500\totale\Sovrasp dietro 2pz sp2.dxf;-;-;Sovrasp dietro 2pz sp2;2;2;-;
True;C:\EasyCutBeta\ExampleDxf\Pup 200 Rta 6500\totale\Suporto gomma 8pz sp4.dxf;-;-;Suporto gomma 8pz sp4;8;4;-;
True;C:\EasyCutBeta\ExampleDxf\Pup 200 Rta 6500\totale\Suporto piede 1pz sp10.dxf;-;-;Suporto piede 1pz sp10;1;10;-;
True;C:\EasyCutBeta\ExampleDxf\Pup 200 Rta 6500\totale\Suporto pistone  fermo  asse 4pz sp8.dxf;-;-;Suporto pistone  fermo  asse 4pz sp8;4;8;-;
True;C:\EasyCutBeta\ExampleDxf\Pup 200 Rta 6500\totale\Supp barra luce 2pz sp4.dxf;-;-;Supp barra luce 2pz sp4;2;4;-;
True;C:\EasyCutBeta\ExampleDxf\Pup 200 Rta 6500\totale\Supporto freno a volantino 2 pz sp 5.dxf;-;-;Supporto freno a volantino 2 pz sp 5;2;5;-;
True;C:\EasyCutBeta\ExampleDxf\Pup 200 Rta 6500\totale\Supporto silentblok 8pz sp5.dxf;-;-;Supporto silentblok 8pz sp5;8;5;-;
True;C:\EasyCutBeta\ExampleDxf\Pup 200 Rta 6500\totale\tamp interno tubolari 1pz sp3.dxf;-;-;tamp interno tubolari 1pz sp3;1;3;-;
True;C:\EasyCutBeta\ExampleDxf\Pup 200 Rta 6500\totale\Tamp post frontalino 2pz sp4.dxf;-;-;Tamp post frontalino 2pz sp4;2;4;-;
True;C:\EasyCutBeta\ExampleDxf\Pup 200 Rta 6500\totale\Tamp post ruot 2pz sp2.dxf;-;-;Tamp post ruot 2pz sp2;2;2;-;
True;C:\EasyCutBeta\ExampleDxf\Pup 200 Rta 6500\totale\Tamp sotto port 2pz sp3.DXF;-;-;Tamp sotto port 2pz sp3;2;3;-;
True;C:\EasyCutBeta\ExampleDxf\Pup 200 Rta 6500\totale\Tamp tubo ribalt 2pz sp3.dxf;-;-;Tamp tubo ribalt 2pz sp3;2;3;-;
True;C:\EasyCutBeta\ExampleDxf\Pup 200 Rta 6500\totale\Tappo 1 braccio 2pz sp4.DXF;-;-;Tappo 1 braccio 2pz sp4;2;4;-;
True;C:\EasyCutBeta\ExampleDxf\Pup 200 Rta 6500\totale\Tappo 2 braccio 2pz sp4.DXF;-;-;Tappo 2 braccio 2pz sp4;2;4;-;
True;C:\EasyCutBeta\ExampleDxf\Pup 200 Rta 6500\totale\Tappo sopra 2pz sp5.DXF;-;-;Tappo sopra 2pz sp5;2;5;-;
True;C:\EasyCutBeta\ExampleDxf\Pup 200 Rta 6500\totale\terzo att su paraf 1pz sp3.DXF;-;-;terzo att su paraf 1pz sp3;1;3;-;
True;C:\EasyCutBeta\ExampleDxf\Pup 200 Rta 6500\totale\Terzo attacco 2pz sp4.DXF;-;-;Terzo attacco 2pz sp4;2;4;-;
True;C:\EasyCutBeta\ExampleDxf\Pup 200 Rta 6500\totale\Test ant part sopra 1pz sp4.DXF;-;-;Test ant part sopra 1pz sp4;1;4;-;
True;C:\EasyCutBeta\ExampleDxf\Pup 200 Rta 6500\totale\Test ant part sotto 1pz sp4.DXF;-;-;Test ant part sotto 1pz sp4;1;4;-;
True;C:\EasyCutBeta\ExampleDxf\Pup 200 Rta 6500\totale\Test sponda avanti 2pz sp4.dxf;-;-;Test sponda avanti 2pz sp4;2;4;-;
True;C:\EasyCutBeta\ExampleDxf\Pup 200 Rta 6500\totale\Test vert sponde 8pz sp4.dxf;-;-;Test vert sponde 8pz sp4;8;4;-;
True;C:\EasyCutBeta\ExampleDxf\Pup 200 Rta 6500\totale\testata 2pz sp3.DXF;-;-;testata 2pz sp3;2;3;-;
True;C:\EasyCutBeta\ExampleDxf\Pup 200 Rta 6500\totale\testata dietro 2pz sp3.DXF;-;-;testata dietro 2pz sp3;2;3;-;
True;C:\EasyCutBeta\ExampleDxf\Pup 200 Rta 6500\totale\Uscita tubbi 1pz sp6.dxf;-;-;Uscita tubbi 1pz sp6;1;6;-;
