C:\EASYCUTNESTING BETA\EXAMPLE\EXAMPLEDXF\CANDINI\F0414-CSB.DXF;-;-;F0414-CSB;1;10;-
C:\EASYCUTNESTING BETA\EXAMPLE\EXAMPLEDXF\CANDINI\F0414-DIA.DXF;-;-;F0414-DIA;1;11;-
C:\EASYCUTNESTING BETA\EXAMPLE\EXAMPLEDXF\CANDINI\F0414-FNC.DXF;-;-;F0414-FNC;1;12;-
C:\EASYCUTNESTING BETA\EXAMPLE\EXAMPLEDXF\CANDINI\F0414-PLA.DXF;-;-;F0414-PLA;0;0;-
C:\EASYCUTNESTING BETA\EXAMPLE\EXAMPLEDXF\CANDINI\F0414-RC1.DXF;-;-;F0414-RC1;0;0;-
C:\EASYCUTNESTING BETA\EXAMPLE\EXAMPLEDXF\CANDINI\F0414-RC2.DXF;-;-;F0414-RC2;0;0;-
C:\EASYCUTNESTING BETA\EXAMPLE\EXAMPLEDXF\CANDINI\F0414-RCR.DXF;-;-;F0414-RCR;0;0;-
C:\EASYCUTNESTING BETA\EXAMPLE\EXAMPLEDXF\CANDINI\F0414-RDX.DXF;-;-;F0414-RDX;0;0;-
C:\EASYCUTNESTING BETA\EXAMPLE\EXAMPLEDXF\CANDINI\F0414-RSX.DXF;-;-;F0414-RSX;0;0;-
C:\EASYCUTNESTING BETA\EXAMPLE\EXAMPLEDXF\CANDINI\F0414-SFC.DXF;-;-;F0414-SFC;0;0;-
C:\EASYCUTNESTING BETA\EXAMPLE\EXAMPLEDXF\CANDINI\F0414-SPA REV A.DXF;-;-;F0414-SPA rev A;0;0;-
C:\EASYCUTNESTING BETA\EXAMPLE\EXAMPLEDXF\CANDINI\F0414-SSB.DXF;-;-;F0414-SSB;0;0;-
C:\EASYCUTNESTING BETA\EXAMPLE\EXAMPLEDXF\CANDINI\F0414-TMP.DXF;-;-;F0414-TMP;0;0;-
C:\EASYCUTNESTING BETA\EXAMPLE\EXAMPLEDXF\CANDINI\F0414_STR.DXF;-;-;F0414_STR;0;0;-
C:\EASYCUTNESTING BETA\EXAMPLE\EXAMPLEDXF\CANDINI\F0414103.DXF;-;-;F0414103;0;0;-
C:\EASYCUTNESTING BETA\EXAMPLE\EXAMPLEDXF\CANDINI\F0414104.DXF;-;-;F0414104;0;0;-
C:\EASYCUTNESTING BETA\EXAMPLE\EXAMPLEDXF\CANDINI\F0414108.DXF;-;-;F0414108;0;0;-
C:\EASYCUTNESTING BETA\EXAMPLE\EXAMPLEDXF\CANDINI\F0414109.DXF;-;-;F0414109;0;0;-
C:\EASYCUTNESTING BETA\EXAMPLE\EXAMPLEDXF\CANDINI\F0414110.DXF;-;-;F0414110;0;0;-
C:\EASYCUTNESTING BETA\EXAMPLE\EXAMPLEDXF\CANDINI\F0414111.DXF;-;-;F0414111;0;0;-
C:\EASYCUTNESTING BETA\EXAMPLE\EXAMPLEDXF\CANDINI\F0414116.DXF;-;-;F0414116;0;0;-
C:\EASYCUTNESTING BETA\EXAMPLE\EXAMPLEDXF\CANDINI\F0414117.DXF;-;-;F0414117;0;0;-
C:\EASYCUTNESTING BETA\EXAMPLE\EXAMPLEDXF\CANDINI\F0414118.DXF;-;-;F0414118;0;0;-
C:\EASYCUTNESTING BETA\EXAMPLE\EXAMPLEDXF\CANDINI\F0414119.DXF;-;-;F0414119;0;0;-
C:\EASYCUTNESTING BETA\EXAMPLE\EXAMPLEDXF\CANDINI\F0414120.DXF;-;-;F0414120;0;0;-
C:\EASYCUTNESTING BETA\EXAMPLE\EXAMPLEDXF\CANDINI\F0414121.DXF;-;-;F0414121;0;0;-
C:\EASYCUTNESTING BETA\EXAMPLE\EXAMPLEDXF\CANDINI\F0414122.DXF;-;-;F0414122;0;0;-
C:\EASYCUTNESTING BETA\EXAMPLE\EXAMPLEDXF\CANDINI\F0414123.DXF;-;-;F0414123;0;0;-
C:\EASYCUTNESTING BETA\EXAMPLE\EXAMPLEDXF\CANDINI\F0414124.DXF;-;-;F0414124;0;0;-
C:\EASYCUTNESTING BETA\EXAMPLE\EXAMPLEDXF\CANDINI\F0414125.DXF;-;-;F0414125;0;0;-
C:\EASYCUTNESTING BETA\EXAMPLE\EXAMPLEDXF\CANDINI\F0414127.DXF;-;-;F0414127;0;0;-
C:\EASYCUTNESTING BETA\EXAMPLE\EXAMPLEDXF\CANDINI\F0414136.DXF;-;-;F0414136;0;0;-
C:\EASYCUTNESTING BETA\EXAMPLE\EXAMPLEDXF\CANDINI\F0414137.DXF;-;-;F0414137;0;0;-
C:\EASYCUTNESTING BETA\EXAMPLE\EXAMPLEDXF\CANDINI\F0414138.DXF;-;-;F0414138;0;0;-
C:\EASYCUTNESTING BETA\EXAMPLE\EXAMPLEDXF\CANDINI\F0414139.DXF;-;-;F0414139;0;0;-
C:\EASYCUTNESTING BETA\EXAMPLE\EXAMPLEDXF\CANDINI\F0414140.DXF;-;-;F0414140;0;0;-
C:\EASYCUTNESTING BETA\EXAMPLE\EXAMPLEDXF\CANDINI\F0414141.DXF;-;-;F0414141;0;0;-
C:\EASYCUTNESTING BETA\EXAMPLE\EXAMPLEDXF\CANDINI\F0414142.DXF;-;-;F0414142;0;0;-
C:\EASYCUTNESTING BETA\EXAMPLE\EXAMPLEDXF\CANDINI\F0414143.DXF;-;-;F0414143;0;0;-
C:\EASYCUTNESTING BETA\EXAMPLE\EXAMPLEDXF\CANDINI\F0414144.DXF;-;-;F0414144;0;0;-
C:\EASYCUTNESTING BETA\EXAMPLE\EXAMPLEDXF\CANDINI\F0414145.DXF;-;-;F0414145;0;0;-
C:\EASYCUTNESTING BETA\EXAMPLE\EXAMPLEDXF\CANDINI\F0414146.DXF;-;-;F0414146;0;0;-
C:\EASYCUTNESTING BETA\EXAMPLE\EXAMPLEDXF\CANDINI\F0414147.DXF;-;-;F0414147;0;0;-
C:\EASYCUTNESTING BETA\EXAMPLE\EXAMPLEDXF\CANDINI\F0414149.DXF;-;-;F0414149;0;0;-
C:\EASYCUTNESTING BETA\EXAMPLE\EXAMPLEDXF\CANDINI\F0414150.DXF;-;-;F0414150;0;0;-
C:\EASYCUTNESTING BETA\EXAMPLE\EXAMPLEDXF\CANDINI\F0414151.DXF;-;-;F0414151;0;0;-
C:\EASYCUTNESTING BETA\EXAMPLE\EXAMPLEDXF\CANDINI\F0414152.DXF;-;-;F0414152;0;0;-
C:\EASYCUTNESTING BETA\EXAMPLE\EXAMPLEDXF\CANDINI\F0414153.DXF;-;-;F0414153;0;0;-
C:\EASYCUTNESTING BETA\EXAMPLE\EXAMPLEDXF\CANDINI\F0414154.DXF;-;-;F0414154;0;0;-
C:\EASYCUTNESTING BETA\EXAMPLE\EXAMPLEDXF\CANDINI\F0414303.DXF;-;-;F0414303;0;0;-
C:\EASYCUTNESTING BETA\EXAMPLE\EXAMPLEDXF\CANDINI\F0414306.DXF;-;-;F0414306;0;0;-
C:\EASYCUTNESTING BETA\EXAMPLE\EXAMPLEDXF\CANDINI\F0414400-S1.DXF;-;-;F0414400-S1;0;0;-
C:\EASYCUTNESTING BETA\EXAMPLE\EXAMPLEDXF\CANDINI\F0414401.DXF;-;-;F0414401;0;0;-
C:\EASYCUTNESTING BETA\EXAMPLE\EXAMPLEDXF\CANDINI\F0414402.DXF;-;-;F0414402;0;0;-
C:\EASYCUTNESTING BETA\EXAMPLE\EXAMPLEDXF\CANDINI\F0414403.DXF;-;-;F0414403;0;0;-
C:\EASYCUTNESTING BETA\EXAMPLE\EXAMPLEDXF\CANDINI\FC260109-S1.DXF;-;-;FC260109-s1;0;0;-
C:\EASYCUTNESTING BETA\EXAMPLE\EXAMPLEDXF\CANDINI\FC260111-S1.DXF;-;-;FC260111-s1;0;0;-
