True;C:\EasyCutBeta\ExampleDxf\Pup Spandi 1160\totale\aletta da sald su gruppo 2pz sp6.dxf;-;-;aletta da sald su gruppo 2pz sp6;2;6;-;
True;C:\EasyCutBeta\ExampleDxf\Pup Spandi 1160\totale\Att ant  timone 2pz sp10.dxf;-;-;Att ant  timone 2pz sp10;2;10;-;
True;C:\EasyCutBeta\ExampleDxf\Pup Spandi 1160\totale\Att cil su telaio 4pz sp10.dxf;-;-;Att cil su telaio 4pz sp10;4;10;-;
True;C:\EasyCutBeta\ExampleDxf\Pup Spandi 1160\totale\Att cil su tim lato ext 2pz sp10.dxf;-;-;Att cil su tim lato ext 2pz sp10;2;10;-;
True;C:\EasyCutBeta\ExampleDxf\Pup Spandi 1160\totale\Att cil su tim lato int 2pz sp10.dxf;-;-;Att cil su tim lato int 2pz sp10;2;10;-;
True;C:\EasyCutBeta\ExampleDxf\Pup Spandi 1160\totale\att gruppo sotto alto 2pz sp6.dxf;-;-;att gruppo sotto alto 2pz sp6;2;6;-;
True;C:\EasyCutBeta\ExampleDxf\Pup Spandi 1160\totale\att gruppo sotto basso 2pz sp6.dxf;-;-;att gruppo sotto basso 2pz sp6;2;6;-;
True;C:\EasyCutBeta\ExampleDxf\Pup Spandi 1160\totale\Att micro regolabile 1pz sp4.dxf;-;-;Att micro regolabile 1pz sp4;1;4;-;
True;C:\EasyCutBeta\ExampleDxf\Pup Spandi 1160\totale\Att post  timone 2pz sp10.dxf;-;-;Att post  timone 2pz sp10;2;10;-;
True;C:\EasyCutBeta\ExampleDxf\Pup Spandi 1160\totale\Att post grupp  pz2 sp6.dxf;-;-;Att post grupp  pz2 sp6;2;6;-;
True;C:\EasyCutBeta\ExampleDxf\Pup Spandi 1160\totale\Att tim su telaio 2pz sp4.dxf;-;-;Att tim su telaio 2pz sp4;2;4;-;
True;C:\EasyCutBeta\ExampleDxf\Pup Spandi 1160\totale\Att timone su carro 2pz sp10.dxf;-;-;Att timone su carro 2pz sp10;2;10;-;
True;C:\EasyCutBeta\ExampleDxf\Pup Spandi 1160\totale\Att timone su carro 2pz sp10 (1).dxf;-;-;Att timone su carro 2pz sp10 (1);2;10;-;
True;C:\EasyCutBeta\ExampleDxf\Pup Spandi 1160\totale\Att timone su timone 1pz sp10.dxf;-;-;Att timone su timone 1pz sp10;1;10;-;
True;C:\EasyCutBeta\ExampleDxf\Pup Spandi 1160\totale\Att ventola  dx 2pz sp6-8.dxf;-;-;Att ventola  dx 2pz sp6-8;2;6;-;
True;C:\EasyCutBeta\ExampleDxf\Pup Spandi 1160\totale\Att ventola  sx 2pz sp6-8.dxf;-;-;Att ventola  sx 2pz sp6-8;2;6;-;
True;C:\EasyCutBeta\ExampleDxf\Pup Spandi 1160\totale\Att ventola dx 2pz sp6-8.dxf;-;-;Att ventola dx 2pz sp6-8;2;6;-;
True;C:\EasyCutBeta\ExampleDxf\Pup Spandi 1160\totale\Att ventola sx 2pz sp6-8.dxf;-;-;Att ventola sx 2pz sp6-8;2;6;-;
True;C:\EasyCutBeta\ExampleDxf\Pup Spandi 1160\totale\Attacco assale  4pz sp20.dxf;-;-;Attacco assale  4pz sp20;4;20;-;
True;C:\EasyCutBeta\ExampleDxf\Pup Spandi 1160\totale\Attacco cilindro su assale 2pz sp15.dxf;-;-;Attacco cilindro su assale 2pz sp15;2;15;-;
True;C:\EasyCutBeta\ExampleDxf\Pup Spandi 1160\totale\attacco est pistsu  port 4pz sp10.dxf;-;-;attacco est pistsu  port 4pz sp10;4;10;-;
True;C:\EasyCutBeta\ExampleDxf\Pup Spandi 1160\totale\Attacco frant su gruppo 2pz sp5.dxf;-;-;Attacco frant su gruppo 2pz sp5;2;5;-;
True;C:\EasyCutBeta\ExampleDxf\Pup Spandi 1160\totale\Bara luce 1pz sp2.dxf;-;-;Bara luce 1pz sp2;1;2;-;
True;C:\EasyCutBeta\ExampleDxf\Pup Spandi 1160\totale\Biella  2pz sp10.dxf;-;-;Biella  2pz sp10;2;10;-;
True;C:\EasyCutBeta\ExampleDxf\Pup Spandi 1160\totale\Bordino anteriore 1pz sp3.dxf;-;-;Bordino anteriore 1pz sp3;1;3;-;
True;C:\EasyCutBeta\ExampleDxf\Pup Spandi 1160\totale\Bordino posteriore 1pz sp3.dxf;-;-;Bordino posteriore 1pz sp3;1;3;-;
True;C:\EasyCutBeta\ExampleDxf\Pup Spandi 1160\totale\Bordino sost gomma 1pz sp4.dxf;-;-;Bordino sost gomma 1pz sp4;1;4;-;
True;C:\EasyCutBeta\ExampleDxf\Pup Spandi 1160\totale\Bordino sostegno gomma 1pz sp4.dxf;-;-;Bordino sostegno gomma 1pz sp4;1;4;-;
True;C:\EasyCutBeta\ExampleDxf\Pup Spandi 1160\totale\Bracci sterzo 4pz sp15.dxf;-;-;Bracci sterzo 4pz sp15;4;15;-;
True;C:\EasyCutBeta\ExampleDxf\Pup Spandi 1160\totale\Bracci sterzo modificati 4pz sp15.dxf;-;-;Bracci sterzo modificati 4pz sp15;4;15;-;
True;C:\EasyCutBeta\ExampleDxf\Pup Spandi 1160\totale\Camma 1pz sp10.dxf;-;-;Camma 1pz sp10;1;10;-;
True;C:\EasyCutBeta\ExampleDxf\Pup Spandi 1160\totale\Canalina 2pz sp2.dxf;-;-;Canalina 2pz sp2;2;2;-;
True;C:\EasyCutBeta\ExampleDxf\Pup Spandi 1160\totale\Carter anteriore regolabile sp4.dxf;-;-;Carter anteriore regolabile sp4;1;4;-;
True;C:\EasyCutBeta\ExampleDxf\Pup Spandi 1160\totale\Carter copertura  rulli sp2.dxf;-;-;Carter copertura  rulli sp2;1;2;-;
True;C:\EasyCutBeta\ExampleDxf\Pup Spandi 1160\totale\Carter Posteriore regolabile sp5.dxf;-;-;Carter Posteriore regolabile sp5;1;5;-;
True;C:\EasyCutBeta\ExampleDxf\Pup Spandi 1160\totale\chiusura per fasc ant 2pz sp10.dxf;-;-;chiusura per fasc ant 2pz sp10;2;10;-;
True;C:\EasyCutBeta\ExampleDxf\Pup Spandi 1160\totale\Copertura superiore 1pz sp4.dxf;-;-;Copertura superiore 1pz sp4;1;4;-;
True;C:\EasyCutBeta\ExampleDxf\Pup Spandi 1160\totale\Cremagliera  2pz sp6.dxf;-;-;Cremagliera  2pz sp6;2;6;-;
True;C:\EasyCutBeta\ExampleDxf\Pup Spandi 1160\totale\Facciata anteriore  1pz sp4.dxf;-;-;Facciata anteriore  1pz sp4;1;4;-;
True;C:\EasyCutBeta\ExampleDxf\Pup Spandi 1160\totale\Facciata posteriore  1pz sp4.dxf;-;-;Facciata posteriore  1pz sp4;1;4;-;
True;C:\EasyCutBeta\ExampleDxf\Pup Spandi 1160\totale\Fazzoletto posteriore  fianco 2pz sp3.dxf;-;-;Fazzoletto posteriore  fianco 2pz sp3;2;3;-;
True;C:\EasyCutBeta\ExampleDxf\Pup Spandi 1160\totale\Fermo  cremagliera 1pz sp5.dxf;-;-;Fermo  cremagliera 1pz sp5;1;5;-;
True;C:\EasyCutBeta\ExampleDxf\Pup Spandi 1160\totale\Fianc spand l 3000  2pz sp3.dxf;-;-;Fianc spand l 3000  2pz sp3;2;3;-;
True;C:\EasyCutBeta\ExampleDxf\Pup Spandi 1160\totale\Fianc spand l 3300  2pz sp3.dxf;-;-;Fianc spand l 3300  2pz sp3;2;3;-;
True;C:\EasyCutBeta\ExampleDxf\Pup Spandi 1160\totale\Fianc spand l 3300 tr hid sp hid 2pz sp3.dxf;-;-;Fianc spand l 3300 tr hid sp hid 2pz sp3;2;3;-;
True;C:\EasyCutBeta\ExampleDxf\Pup Spandi 1160\totale\Fianc spand l 3500 tr hid sp hid 2pz sp3.dxf;-;-;Fianc spand l 3500 tr hid sp hid 2pz sp3;2;3;-;
True;C:\EasyCutBeta\ExampleDxf\Pup Spandi 1160\totale\Fianc spand l 4000 tr hid sp hid 2pz sp3.dxf;-;-;Fianc spand l 4000 tr hid sp hid 2pz sp3;2;3;-;
True;C:\EasyCutBeta\ExampleDxf\Pup Spandi 1160\totale\Fianchi spand l 4000 2pz sp3.dxf;-;-;Fianchi spand l 4000 2pz sp3;2;3;-;
True;C:\EasyCutBeta\ExampleDxf\Pup Spandi 1160\totale\Fianchi spand l 4500 2pz sp3.dxf;-;-;Fianchi spand l 4500 2pz sp3;2;3;-;
True;C:\EasyCutBeta\ExampleDxf\Pup Spandi 1160\totale\Fianco Carter copertura rulli sp3 2pz.dxf;-;-;Fianco Carter copertura rulli sp3 2pz;2;3;-;
True;C:\EasyCutBeta\ExampleDxf\Pup Spandi 1160\totale\Fianco lat carter 2pz sp3.dxf;-;-;Fianco lat carter 2pz sp3;2;3;-;
True;C:\EasyCutBeta\ExampleDxf\Pup Spandi 1160\totale\Fianco spandi l=4000  pz2 sp3.dxf;-;-;Fianco spandi l=4000  pz2 sp3;2;3;-;
True;C:\EasyCutBeta\ExampleDxf\Pup Spandi 1160\totale\Fianco spandi l=4500  pz2 sp3.dxf;-;-;Fianco spandi l=4500  pz2 sp3;2;3;-;
True;C:\EasyCutBeta\ExampleDxf\Pup Spandi 1160\totale\Flang att cusc 1pz sp4.dxf;-;-;Flang att cusc 1pz sp4;1;4;-;
True;C:\EasyCutBeta\ExampleDxf\Pup Spandi 1160\totale\Flangia sotto le ventole  2pz sp12.dxf;-;-;Flangia sotto le ventole  2pz sp12;2;12;-;
True;C:\EasyCutBeta\ExampleDxf\Pup Spandi 1160\totale\Flangia sotto ventole 2pz sp12.dxf;-;-;Flangia sotto ventole 2pz sp12;2;12;-;
True;C:\EasyCutBeta\ExampleDxf\Pup Spandi 1160\totale\Freccia  1pz sp5.dxf;-;-;Freccia  1pz sp5;1;5;-;
True;C:\EasyCutBeta\ExampleDxf\Pup Spandi 1160\totale\Gaffa nuova 2pz sp10.dxf;-;-;Gaffa nuova 2pz sp10;2;10;-;
True;C:\EasyCutBeta\ExampleDxf\Pup Spandi 1160\totale\Guida sponda idraulica dx 1pz sp6.dxf;-;-;Guida sponda idraulica dx 1pz sp6;1;6;-;
True;C:\EasyCutBeta\ExampleDxf\Pup Spandi 1160\totale\Guida sponda idraulica sx 1pz sp6.dxf;-;-;Guida sponda idraulica sx 1pz sp6;1;6;-;
True;C:\EasyCutBeta\ExampleDxf\Pup Spandi 1160\totale\L di ispessimento spalla 1pz sp6.dxf;-;-;L di ispessimento spalla 1pz sp6;1;6;-;
True;C:\EasyCutBeta\ExampleDxf\Pup Spandi 1160\totale\Lam di tamp sup 2pz sp3.dxf;-;-;Lam di tamp sup 2pz sp3;2;3;-;
True;C:\EasyCutBeta\ExampleDxf\Pup Spandi 1160\totale\lam supp tubi 1pz sp3.dxf;-;-;lam supp tubi 1pz sp3;1;3;-;
True;C:\EasyCutBeta\ExampleDxf\Pup Spandi 1160\totale\Lama att assale 2pz sp 8-10.dxf;-;-;Lama att assale 2pz sp 8-10;2;8;-;
True;C:\EasyCutBeta\ExampleDxf\Pup Spandi 1160\totale\Lama att copertura 2pz sp6.dxf;-;-;Lama att copertura 2pz sp6;2;6;-;
True;C:\EasyCutBeta\ExampleDxf\Pup Spandi 1160\totale\Lama bloco balone 2pz sp5.dxf;-;-;Lama bloco balone 2pz sp5;2;5;-;
True;C:\EasyCutBeta\ExampleDxf\Pup Spandi 1160\totale\Lama saldata su grupo 1pz sp6.dxf;-;-;Lama saldata su grupo 1pz sp6;1;6;-;
True;C:\EasyCutBeta\ExampleDxf\Pup Spandi 1160\totale\Lama saldata su suporto 1pz sp6.dxf;-;-;Lama saldata su suporto 1pz sp6;1;6;-;
True;C:\EasyCutBeta\ExampleDxf\Pup Spandi 1160\totale\lama suporto copertura 2pz 2p6.dxf;-;-;lama suporto copertura 2pz 2p6;2;6;-;
True;C:\EasyCutBeta\ExampleDxf\Pup Spandi 1160\totale\Lamiera sponda 1pz sp3.dxf;-;-;Lamiera sponda 1pz sp3;1;3;-;
True;C:\EasyCutBeta\ExampleDxf\Pup Spandi 1160\totale\Laterale dx 1pz sp6.dxf;-;-;Laterale dx 1pz sp6;1;6;-;
True;C:\EasyCutBeta\ExampleDxf\Pup Spandi 1160\totale\Laterale sx 1pz sp6.dxf;-;-;Laterale sx 1pz sp6;1;6;-;
True;C:\EasyCutBeta\ExampleDxf\Pup Spandi 1160\totale\Leva sopra 4pz sp8 non tagliare.dxf;-;-;Leva sopra 4pz sp8 non tagliare;4;8;-;
True;C:\EasyCutBeta\ExampleDxf\Pup Spandi 1160\totale\Leva su spoiler 4pz sp8.dxf;-;-;Leva su spoiler 4pz sp8;4;8;-;
True;C:\EasyCutBeta\ExampleDxf\Pup Spandi 1160\totale\Leva su spoiler all 15 4pz sp8.dxf;-;-;Leva su spoiler all 15 4pz sp8;4;8;-;
True;C:\EasyCutBeta\ExampleDxf\Pup Spandi 1160\totale\Longh spandi lungh 4000 pz2 sp4.dxf;-;-;Longh spandi lungh 4000 pz2 sp4;2;4;-;
True;C:\EasyCutBeta\ExampleDxf\Pup Spandi 1160\totale\Longh spandi lungh 4500 pz2 sp4.dxf;-;-;Longh spandi lungh 4500 pz2 sp4;2;4;-;
True;C:\EasyCutBeta\ExampleDxf\Pup Spandi 1160\totale\Longherone guidacatena 3000 2pz sp4.dxf;-;-;Longherone guidacatena 3000 2pz sp4;2;4;-;
True;C:\EasyCutBeta\ExampleDxf\Pup Spandi 1160\totale\Longherone guidacatena 3300 2pz sp4.dxf;-;-;Longherone guidacatena 3300 2pz sp4;2;4;-;
True;C:\EasyCutBeta\ExampleDxf\Pup Spandi 1160\totale\Longherone guidacatena 4000 2pz sp4.dxf;-;-;Longherone guidacatena 4000 2pz sp4;2;4;-;
True;C:\EasyCutBeta\ExampleDxf\Pup Spandi 1160\totale\Longherone guidacatena 4500 2pz sp4.dxf;-;-;Longherone guidacatena 4500 2pz sp4;2;4;-;
True;C:\EasyCutBeta\ExampleDxf\Pup Spandi 1160\totale\LONGHERONE l=3300.dxf;-;-;LONGHERONE l=3300;1;10;-;
True;C:\EasyCutBeta\ExampleDxf\Pup Spandi 1160\totale\LONGHERONE l=3500.dxf;-;-;LONGHERONE l=3500;1;10;-;
True;C:\EasyCutBeta\ExampleDxf\Pup Spandi 1160\totale\LONGHERONE l=3500 per tandem.dxf;-;-;LONGHERONE l=3500 per tandem;1;10;-;
True;C:\EasyCutBeta\ExampleDxf\Pup Spandi 1160\totale\LONGHERONE l=4000.dxf;-;-;LONGHERONE l=4000;1;10;-;
True;C:\EasyCutBeta\ExampleDxf\Pup Spandi 1160\totale\maniglia di soll 2pz sp10.dxf;-;-;maniglia di soll 2pz sp10;2;10;-;
True;C:\EasyCutBeta\ExampleDxf\Pup Spandi 1160\totale\Manovella soll eliche  1pz sp10.dxf;-;-;Manovella soll eliche  1pz sp10;1;10;-;
True;C:\EasyCutBeta\ExampleDxf\Pup Spandi 1160\totale\Mant sup carter 1pz sp2.dxf;-;-;Mant sup carter 1pz sp2;1;2;-;
True;C:\EasyCutBeta\ExampleDxf\Pup Spandi 1160\totale\Orecc att  sopra bocc 4pz sp20.dxf;-;-;Orecc att  sopra bocc 4pz sp20;4;20;-;
True;C:\EasyCutBeta\ExampleDxf\Pup Spandi 1160\totale\Orecc da sald su tubo da 27 4pz sp6.dxf;-;-;Orecc da sald su tubo da 27 4pz sp6;4;6;-;
True;C:\EasyCutBeta\ExampleDxf\Pup Spandi 1160\totale\Orecch coll gaffe 1pz sp10 libera.dxf;-;-;Orecch coll gaffe 1pz sp10 libera;1;10;-;
True;C:\EasyCutBeta\ExampleDxf\Pup Spandi 1160\totale\Orecch fix cilindri su  frant 1pz sp10 faccia dietro.dxf;-;-;Orecch fix cilindri su  frant 1pz sp10 faccia dietro;1;10;-;
True;C:\EasyCutBeta\ExampleDxf\Pup Spandi 1160\totale\Orecch fix cilindri su  frant 1pz sp10 libera.dxf;-;-;Orecch fix cilindri su  frant 1pz sp10 libera;1;10;-;
True;C:\EasyCutBeta\ExampleDxf\Pup Spandi 1160\totale\Orecchia da sald su tondino da 25 pz4 sp6.dxf;-;-;Orecchia da sald su tondino da 25 pz4 sp6;4;6;-;
True;C:\EasyCutBeta\ExampleDxf\Pup Spandi 1160\totale\Orecchia da saldare  su portella 4pz sp8.dxf;-;-;Orecchia da saldare  su portella 4pz sp8;4;8;-;
True;C:\EasyCutBeta\ExampleDxf\Pup Spandi 1160\totale\Orecchia da saldare su tubolare 4pz sp8.dxf;-;-;Orecchia da saldare su tubolare 4pz sp8;4;8;-;
True;C:\EasyCutBeta\ExampleDxf\Pup Spandi 1160\totale\Orecchia di motore 2pz sp8-10.dxf;-;-;Orecchia di motore 2pz sp8-10;2;8;-;
True;C:\EasyCutBeta\ExampleDxf\Pup Spandi 1160\totale\orecchie attacco lamierato 2pz sp5-6.dxf;-;-;orecchie attacco lamierato 2pz sp5-6;2;5;-;
True;C:\EasyCutBeta\ExampleDxf\Pup Spandi 1160\totale\Orecchie di attacco 4pz sp4-5.dxf;-;-;Orecchie di attacco 4pz sp4-5;4;4;-;
True;C:\EasyCutBeta\ExampleDxf\Pup Spandi 1160\totale\Paletta da avv  su vent 8pz sp5.dxf;-;-;Paletta da avv  su vent 8pz sp5;8;5;-;
True;C:\EasyCutBeta\ExampleDxf\Pup Spandi 1160\totale\Paletta da avv  su vent nuove 8pz sp5.dxf;-;-;Paletta da avv  su vent nuove 8pz sp5;8;5;-;
True;C:\EasyCutBeta\ExampleDxf\Pup Spandi 1160\totale\Paletta da avv su  vent sotto 4pz sp5.dxf;-;-;Paletta da avv su  vent sotto 4pz sp5;4;5;-;
True;C:\EasyCutBeta\ExampleDxf\Pup Spandi 1160\totale\Paletta da avv su vent 8pz sp5.dxf;-;-;Paletta da avv su vent 8pz sp5;8;5;-;
True;C:\EasyCutBeta\ExampleDxf\Pup Spandi 1160\totale\Paletta da avv su vent sotto 4pz sp5.dxf;-;-;Paletta da avv su vent sotto 4pz sp5;4;5;-;
True;C:\EasyCutBeta\ExampleDxf\Pup Spandi 1160\totale\Pattino centraggio  slitta motori 2pz sp10.dxf;-;-;Pattino centraggio  slitta motori 2pz sp10;2;10;-;
True;C:\EasyCutBeta\ExampleDxf\Pup Spandi 1160\totale\Piastra att facce 4pz sp6-8.dxf;-;-;Piastra att facce 4pz sp6-8;4;6;-;
True;C:\EasyCutBeta\ExampleDxf\Pup Spandi 1160\totale\Piastra sost riduttore 1pz sp6-8.dxf;-;-;Piastra sost riduttore 1pz sp6-8;1;6;-;
True;C:\EasyCutBeta\ExampleDxf\Pup Spandi 1160\totale\Port aprib post 1pz sp3.dxf;-;-;Port aprib post 1pz sp3;1;3;-;
True;C:\EasyCutBeta\ExampleDxf\Pup Spandi 1160\totale\portella 2pz sp3.dxf;-;-;portella 2pz sp3;2;3;-;
True;C:\EasyCutBeta\ExampleDxf\Pup Spandi 1160\totale\Portella lat 2pz sp3.dxf;-;-;Portella lat 2pz sp3;2;3;-;
True;C:\EasyCutBeta\ExampleDxf\Pup Spandi 1160\totale\Rinf est sponda sotto 4pz  sp6.dxf;-;-;Rinf est sponda sotto 4pz  sp6;4;6;-;
True;C:\EasyCutBeta\ExampleDxf\Pup Spandi 1160\totale\Rinf Fianchi spand l 4500 2pz sp3.dxf;-;-;Rinf Fianchi spand l 4500 2pz sp3;2;3;-;
True;C:\EasyCutBeta\ExampleDxf\Pup Spandi 1160\totale\Rinf timone 2pz sp8.dxf;-;-;Rinf timone 2pz sp8;2;8;-;
True;C:\EasyCutBeta\ExampleDxf\Pup Spandi 1160\totale\Rinf tubo -asse 4pz sp10.dxf;-;-;Rinf tubo -asse 4pz sp10;4;10;-;
True;C:\EasyCutBeta\ExampleDxf\Pup Spandi 1160\totale\Rinflaterale 4pz sp3 solo x monoasse.dxf;-;-;Rinflaterale 4pz sp3 solo x monoasse;4;3;-;
True;C:\EasyCutBeta\ExampleDxf\Pup Spandi 1160\totale\Rinflaterale tub 70x70x5  6pz sp3.dxf;-;-;Rinflaterale tub 70x70x5  6pz sp3;6;3;-;
True;C:\EasyCutBeta\ExampleDxf\Pup Spandi 1160\totale\Rinforzo anteriore spandil 2pz sp3.dxf;-;-;Rinforzo anteriore spandil 2pz sp3;2;3;-;
True;C:\EasyCutBeta\ExampleDxf\Pup Spandi 1160\totale\Rinforzo esterno  sponda 4pz sp6.dxf;-;-;Rinforzo esterno  sponda 4pz sp6;4;6;-;
True;C:\EasyCutBeta\ExampleDxf\Pup Spandi 1160\totale\Riscontro di fermo manovella 1pz sp4.dxf;-;-;Riscontro di fermo manovella 1pz sp4;1;4;-;
True;C:\EasyCutBeta\ExampleDxf\Pup Spandi 1160\totale\Ruota dentata  1pz sp6.dxf;-;-;Ruota dentata  1pz sp6;1;6;-;
True;C:\EasyCutBeta\ExampleDxf\Pup Spandi 1160\totale\Sistema misura 1pz sp4-3.dxf;-;-;Sistema misura 1pz sp4-3;1;4;-;
True;C:\EasyCutBeta\ExampleDxf\Pup Spandi 1160\totale\sos assale decent carro(zinc) vers 3mt ruote 400-60 2pz sp4.dxf;-;-;sos assale decent carro(zinc) vers 3mt ruote 400-60 2pz sp4;1;4;-;
True;C:\EasyCutBeta\ExampleDxf\Pup Spandi 1160\totale\Sost asse tandem l=3500 2pz sp4.dxf;-;-;Sost asse tandem l=3500 2pz sp4;2;4;-;
True;C:\EasyCutBeta\ExampleDxf\Pup Spandi 1160\totale\Sost ax  vers 3500 tandem 2pz sp4.dxf;-;-;Sost ax  vers 3500 tandem 2pz sp4;2;4;-;
True;C:\EasyCutBeta\ExampleDxf\Pup Spandi 1160\totale\Sost ax  vers 3mt ruote no sterz 2pz sp4.dxf;-;-;Sost ax  vers 3mt ruote no sterz 2pz sp4;2;4;-;
True;C:\EasyCutBeta\ExampleDxf\Pup Spandi 1160\totale\Sost ax no sterz 3.3-4-4.5 mt 2pz sp4.dxf;-;-;Sost ax no sterz 3.3-4-4.5 mt 2pz sp4;2;4;-;
True;C:\EasyCutBeta\ExampleDxf\Pup Spandi 1160\totale\Sost ax sterz  3.3-4-4.5 mt 2pz sp4.dxf;-;-;Sost ax sterz  3.3-4-4.5 mt 2pz sp4;2;4;-;
True;C:\EasyCutBeta\ExampleDxf\Pup Spandi 1160\totale\Sost sponda livellat  4pz sp6.dxf;-;-;Sost sponda livellat  4pz sp6;4;6;-;
True;C:\EasyCutBeta\ExampleDxf\Pup Spandi 1160\totale\Sostegno motori idraulici  dx 1pz sp5.dxf;-;-;Sostegno motori idraulici  dx 1pz sp5;1;5;-;
True;C:\EasyCutBeta\ExampleDxf\Pup Spandi 1160\totale\Sostegno motori idraulici sx 1pz sp5.dxf;-;-;Sostegno motori idraulici sx 1pz sp5;1;5;-;
True;C:\EasyCutBeta\ExampleDxf\Pup Spandi 1160\totale\Spoiler  2pz sp3.dxf;-;-;Spoiler  2pz sp3;2;3;-;
True;C:\EasyCutBeta\ExampleDxf\Pup Spandi 1160\totale\Sponda anteriore 1pz sp3.dxf;-;-;Sponda anteriore 1pz sp3;1;3;-;
True;C:\EasyCutBeta\ExampleDxf\Pup Spandi 1160\totale\Sponda livell 2pz sp4.dxf;-;-;Sponda livell 2pz sp4;2;4;-;
True;C:\EasyCutBeta\ExampleDxf\Pup Spandi 1160\totale\Squa assale cari lunghi 4pz sp8.dxf;-;-;Squa assale cari lunghi 4pz sp8;4;8;-;
True;C:\EasyCutBeta\ExampleDxf\Pup Spandi 1160\totale\Squadreta suporto pistone est 2pz sp8.dxf;-;-;Squadreta suporto pistone est 2pz sp8;2;8;-;
True;C:\EasyCutBeta\ExampleDxf\Pup Spandi 1160\totale\Squadreta suporto pistone int 2pz sp8.dxf;-;-;Squadreta suporto pistone int 2pz sp8;2;8;-;
True;C:\EasyCutBeta\ExampleDxf\Pup Spandi 1160\totale\Squadrette irrigidimento assale 4pz sp8.dxf;-;-;Squadrette irrigidimento assale 4pz sp8;4;8;-;
True;C:\EasyCutBeta\ExampleDxf\Pup Spandi 1160\totale\Staffa balone 2pz sp5.dxf;-;-;Staffa balone 2pz sp5;2;5;-;
True;C:\EasyCutBeta\ExampleDxf\Pup Spandi 1160\totale\sup triangolo 2pz sp3.dxf;-;-;sup triangolo 2pz sp3;2;3;-;
True;C:\EasyCutBeta\ExampleDxf\Pup Spandi 1160\totale\Suporto ant 1pz sp5.dxf;-;-;Suporto ant 1pz sp5;1;5;-;
True;C:\EasyCutBeta\ExampleDxf\Pup Spandi 1160\totale\Suporto balone 1pz sp5.dxf;-;-;Suporto balone 1pz sp5;1;5;-;
True;C:\EasyCutBeta\ExampleDxf\Pup Spandi 1160\totale\Suporto lampegiante 1pz sp2.dxf;-;-;Suporto lampegiante 1pz sp2;1;2;-;
True;C:\EasyCutBeta\ExampleDxf\Pup Spandi 1160\totale\Suporto post 1pz sp5.dxf;-;-;Suporto post 1pz sp5;1;5;-;
True;C:\EasyCutBeta\ExampleDxf\Pup Spandi 1160\totale\Supp cuscinetto 1pz sp4.dxf;-;-;Supp cuscinetto 1pz sp4;1;4;-;
True;C:\EasyCutBeta\ExampleDxf\Pup Spandi 1160\totale\supp pistone centrale  2pz sp10.dxf;-;-;supp pistone centrale  2pz sp10;2;10;-;
True;C:\EasyCutBeta\ExampleDxf\Pup Spandi 1160\totale\Supp tubi   2pz sp4.dxf;-;-;Supp tubi   2pz sp4;2;4;-;
True;C:\EasyCutBeta\ExampleDxf\Pup Spandi 1160\totale\suppo atta cuscinetto 2pz sp5.dxf;-;-;suppo atta cuscinetto 2pz sp5;2;5;-;
True;C:\EasyCutBeta\ExampleDxf\Pup Spandi 1160\totale\Supporto albero 1pz sp6.dxf;-;-;Supporto albero 1pz sp6;1;6;-;
True;C:\EasyCutBeta\ExampleDxf\Pup Spandi 1160\totale\Supporto barra luce 2pz sp4.dxf;-;-;Supporto barra luce 2pz sp4;2;4;-;
True;C:\EasyCutBeta\ExampleDxf\Pup Spandi 1160\totale\Supporto cuscinetto post 2pz sp10.dxf;-;-;Supporto cuscinetto post 2pz sp10;2;10;-;
True;C:\EasyCutBeta\ExampleDxf\Pup Spandi 1160\totale\Supporto ind sterzo 1pz sp5.dxf;-;-;Supporto ind sterzo 1pz sp5;1;5;-;
True;C:\EasyCutBeta\ExampleDxf\Pup Spandi 1160\totale\Supporto motori idraulici sp5 2pz.dxf;-;-;Supporto motori idraulici sp5 2pz;2;2;-;
True;C:\EasyCutBeta\ExampleDxf\Pup Spandi 1160\totale\Supporto riduttore 1pz sp6.dxf;-;-;Supporto riduttore 1pz sp6;1;6;-;
True;C:\EasyCutBeta\ExampleDxf\Pup Spandi 1160\totale\tamponamento post fianco int 2pz sp3.dxf;-;-;tamponamento post fianco int 2pz sp3;2;3;-;
True;C:\EasyCutBeta\ExampleDxf\Pup Spandi 1160\totale\Tappi fix cilindri 4pz sp10 forar 25.dxf;-;-;Tappi fix cilindri 4pz sp10 forar 25;4;10;-;
True;C:\EasyCutBeta\ExampleDxf\Pup Spandi 1160\totale\Tappo barra 2pz sp2.dxf;-;-;Tappo barra 2pz sp2;2;2;-;
True;C:\EasyCutBeta\ExampleDxf\Pup Spandi 1160\totale\Tappo fascciata ant 1pz sp3.dxf;-;-;Tappo fascciata ant 1pz sp3;1;3;-;
True;C:\EasyCutBeta\ExampleDxf\Pup Spandi 1160\totale\Test ant  1pz sp4.dxf;-;-;Test ant  1pz sp4;1;4;-;
True;C:\EasyCutBeta\ExampleDxf\Pup Spandi 1160\totale\Test ant 1pz sp4.dxf;-;-;Test ant 1pz sp4;1;4;-;
True;C:\EasyCutBeta\ExampleDxf\Pup Spandi 1160\totale\Uscita tubi   1pz sp6-5.dxf;-;-;Uscita tubi   1pz sp6-5;1;6;-;
True;C:\EasyCutBeta\ExampleDxf\Pup Spandi 1160\totale\uscita tubi 1pz sp6.dxf;-;-;uscita tubi 1pz sp6;1;6;-;
True;C:\EasyCutBeta\ExampleDxf\Pup Spandi 1160\totale\Ventola  2pz sp5.dxf;-;-;Ventola  2pz sp5;2;5;-;
True;C:\EasyCutBeta\ExampleDxf\Pup Spandi 1160\totale\Ventola 2pz sp5.dxf;-;-;Ventola 2pz sp5;2;5;-;
