C:\EASYCUTNESTING BETA\CNCEXAMPLE\EXAMPLEDXF\PUP TAGLIAERBA\TOTALE\APP RUOTA AVANTI  2PZ SP8.DXF;-;-;app ruota avanti  2pz sp8;2;1;-
C:\EASYCUTNESTING BETA\CNCEXAMPLE\EXAMPLEDXF\PUP TAGLIAERBA\TOTALE\APP RUOTA AVANTI SOPRA  2PZ SP8 (1).DXF;-;-;app ruota avanti sopra  2pz sp8 (1);2;1;-
C:\EASYCUTNESTING BETA\CNCEXAMPLE\EXAMPLEDXF\PUP TAGLIAERBA\TOTALE\APP RUOTA AVANTI SOPRA  2PZ SP8.DXF;-;-;app ruota avanti sopra  2pz sp8;2;1;-
C:\EASYCUTNESTING BETA\CNCEXAMPLE\EXAMPLEDXF\PUP TAGLIAERBA\TOTALE\ATT RUOTE ANT SOTTO 2PZ SP8.DXF;-;-;att ruote ant sotto 2pz sp8;2;1;-
C:\EASYCUTNESTING BETA\CNCEXAMPLE\EXAMPLEDXF\PUP TAGLIAERBA\TOTALE\ATTACCO RULLO SU CARTER 2PZ SP12 (1).DXF;-;-;Attacco rullo su carter 2pz sp12 (1);2;1;-
C:\EASYCUTNESTING BETA\CNCEXAMPLE\EXAMPLEDXF\PUP TAGLIAERBA\TOTALE\ATTACCO RULLO SU CARTER 2PZ SP12.DXF;-;-;Attacco rullo su carter 2pz sp12;2;1;-
C:\EASYCUTNESTING BETA\CNCEXAMPLE\EXAMPLEDXF\PUP TAGLIAERBA\TOTALE\BANDELLA CENTRALE R350 1PZ SP6.DXF;-;-;Bandella centrale R350 1pz sp6;3;1;-
C:\EASYCUTNESTING BETA\CNCEXAMPLE\EXAMPLEDXF\PUP TAGLIAERBA\TOTALE\BANDELLA CENTRALE R350  1PZ SP6 (1).DXF;-;-;Bandella centrale R350  1pz sp6 (1);3;1;-
C:\EASYCUTNESTING BETA\CNCEXAMPLE\EXAMPLEDXF\PUP TAGLIAERBA\TOTALE\BANDELLA CENTRALE R350  1PZ SP6.DXF;-;-;Bandella centrale R350  1pz sp6;3;1;-
C:\EASYCUTNESTING BETA\CNCEXAMPLE\EXAMPLEDXF\PUP TAGLIAERBA\TOTALE\BANDELLA LATERALE  DI RACCORDO  2PZ SP6 (1).DXF;-;-;Bandella laterale  di raccordo  2pz sp6 (1);3;1;-
C:\EASYCUTNESTING BETA\CNCEXAMPLE\EXAMPLEDXF\PUP TAGLIAERBA\TOTALE\BANDELLA LATERALE  DI RACCORDO  2PZ SP6.DXF;-;-;Bandella laterale  di raccordo  2pz sp6;3;1;-
C:\EASYCUTNESTING BETA\CNCEXAMPLE\EXAMPLEDXF\PUP TAGLIAERBA\TOTALE\BANDELLA LATERALE R500  2PZ SP6.DXF;-;-;Bandella laterale R500  2pz sp6;3;1;-
C:\EASYCUTNESTING BETA\CNCEXAMPLE\EXAMPLEDXF\PUP TAGLIAERBA\TOTALE\BANDELLA LATERALE R500   2PZ SP6.DXF;-;-;Bandella laterale R500   2pz sp6;4;1;-
C:\EASYCUTNESTING BETA\CNCEXAMPLE\EXAMPLEDXF\PUP TAGLIAERBA\TOTALE\BANDELLA POSTERIORE 1PZ SP6.DXF;-;-;Bandella posteriore 1pz sp6;4;1;-
C:\EASYCUTNESTING BETA\CNCEXAMPLE\EXAMPLEDXF\PUP TAGLIAERBA\TOTALE\BANDELLA POSTERIORE  1PZ SP6.DXF;-;-;Bandella posteriore  1pz sp6;4;1;-
C:\EASYCUTNESTING BETA\CNCEXAMPLE\EXAMPLEDXF\PUP TAGLIAERBA\TOTALE\BANDELLE LAT DI RACCORDO 2PZ SP6.DXF;-;-;Bandelle lat di raccordo 2pz sp6;4;1;-
C:\EASYCUTNESTING BETA\CNCEXAMPLE\EXAMPLEDXF\PUP TAGLIAERBA\TOTALE\BASSE SOTTO 1PZ SP3.DXF;-;-;Basse sotto 1pz sp3;4;1;-
C:\EASYCUTNESTING BETA\CNCEXAMPLE\EXAMPLEDXF\PUP TAGLIAERBA\TOTALE\CORNICE PEZZO A 1PZ SP6.DXF;-;-;Cornice pezzo A 1pz sp6;4;1;-
C:\EASYCUTNESTING BETA\CNCEXAMPLE\EXAMPLEDXF\PUP TAGLIAERBA\TOTALE\CORNICE PEZZO B 1PZ SP6.DXF;-;-;Cornice pezzo B 1pz sp6;4;1;-
C:\EASYCUTNESTING BETA\CNCEXAMPLE\EXAMPLEDXF\PUP TAGLIAERBA\TOTALE\CORNICE PEZZO C 1PZ SP6 (1).DXF;-;-;Cornice pezzo C 1pz sp6 (1);1;1;-
C:\EASYCUTNESTING BETA\CNCEXAMPLE\EXAMPLEDXF\PUP TAGLIAERBA\TOTALE\CORNICE PEZZO C 1PZ SP6.DXF;-;-;Cornice pezzo C 1pz sp6;1;1;-
C:\EASYCUTNESTING BETA\CNCEXAMPLE\EXAMPLEDXF\PUP TAGLIAERBA\TOTALE\FASCIA LAT DIRITTA 1PZ SP5.DXF;-;-;Fascia lat diritta 1pz sp5;1;1;-
C:\EASYCUTNESTING BETA\CNCEXAMPLE\EXAMPLEDXF\PUP TAGLIAERBA\TOTALE\FASCIA LAT PIEGATA 1PZ SP5.DXF;-;-;Fascia lat piegata 1pz sp5;1;1;-
C:\EASYCUTNESTING BETA\CNCEXAMPLE\EXAMPLEDXF\PUP TAGLIAERBA\TOTALE\FASCIA LAT POSTERIORE 1PZ SP5.DXF;-;-;Fascia lat posteriore 1pz sp5;1;1;-
C:\EASYCUTNESTING BETA\CNCEXAMPLE\EXAMPLEDXF\PUP TAGLIAERBA\TOTALE\FLANGIA 6PZ SP8.DXF;-;-;Flangia 6pz sp8;2;1;-
C:\EASYCUTNESTING BETA\CNCEXAMPLE\EXAMPLEDXF\PUP TAGLIAERBA\TOTALE\FLANGIA ALBERO 3PZ SP12 (1).DXF;-;-;Flangia albero 3pz sp12 (1);3;1;-
C:\EASYCUTNESTING BETA\CNCEXAMPLE\EXAMPLEDXF\PUP TAGLIAERBA\TOTALE\FLANGIA ALBERO 3PZ SP12.DXF;-;-;Flangia albero 3pz sp12;4;1;-
C:\EASYCUTNESTING BETA\CNCEXAMPLE\EXAMPLEDXF\PUP TAGLIAERBA\TOTALE\FLANGIA MOZZI 3PZ SP15 (1).DXF;-;-;Flangia mozzi 3pz sp15 (1);5;1;-
C:\EASYCUTNESTING BETA\CNCEXAMPLE\EXAMPLEDXF\PUP TAGLIAERBA\TOTALE\FLANGIA MOZZI 3PZ SP15.DXF;-;-;Flangia mozzi 3pz sp15;7;1;-
C:\EASYCUTNESTING BETA\CNCEXAMPLE\EXAMPLEDXF\PUP TAGLIAERBA\TOTALE\FORCELLA RUOTA 2PZ SP12.DXF;-;-;Forcella ruota 2pz sp12;5;1;-
C:\EASYCUTNESTING BETA\CNCEXAMPLE\EXAMPLEDXF\PUP TAGLIAERBA\TOTALE\FORCELLA RUOTA SENZA FORI 2PZ SP12.DXF;-;-;Forcella ruota senza fori 2pz sp12;4;1;-
C:\EASYCUTNESTING BETA\CNCEXAMPLE\EXAMPLEDXF\PUP TAGLIAERBA\TOTALE\IRROBUSTIMENTO CARTER 1PZ SP6.DXF;-;-;Irrobustimento carter 1pz sp6;10;1;-
C:\EASYCUTNESTING BETA\CNCEXAMPLE\EXAMPLEDXF\PUP TAGLIAERBA\TOTALE\IRROBUSTIMENTO LAMIERA CARTER 1PZ SP6.DXF;-;-;Irrobustimento lamiera carter 1pz sp6;3;1;-
C:\EASYCUTNESTING BETA\CNCEXAMPLE\EXAMPLEDXF\PUP TAGLIAERBA\TOTALE\IRROBUSTIMENTO LAMIERA CARTER SOTTO 1PZ SP6.DXF;-;-;Irrobustimento lamiera carter sotto 1pz sp6;3;1;-
C:\EASYCUTNESTING BETA\CNCEXAMPLE\EXAMPLEDXF\PUP TAGLIAERBA\TOTALE\LAMIERA BASE  CARTER 1PZ SP6.DXF;-;-;Lamiera base  carter 1pz sp6;1;1;-
C:\EASYCUTNESTING BETA\CNCEXAMPLE\EXAMPLEDXF\PUP TAGLIAERBA\TOTALE\LAMIERA BASE CARTER 1PZ SP6.DXF;-;-;Lamiera base carter 1pz sp6;4;1;-
C:\EASYCUTNESTING BETA\CNCEXAMPLE\EXAMPLEDXF\PUP TAGLIAERBA\TOTALE\ORECC EST POST 2 PZ SP12.DXF;-;-;orecc est post 2 pz sp12;8;1;-
C:\EASYCUTNESTING BETA\CNCEXAMPLE\EXAMPLEDXF\PUP TAGLIAERBA\TOTALE\ORECC EST POST 2PZ SP 12.DXF;-;-;orecc est post 2pz sp 12;1;1;-
C:\EASYCUTNESTING BETA\CNCEXAMPLE\EXAMPLEDXF\PUP TAGLIAERBA\TOTALE\ORECC EST POST INT  2PZ SP 12.DXF;-;-;orecc est post int  2pz sp 12;2;1;-
C:\EASYCUTNESTING BETA\CNCEXAMPLE\EXAMPLEDXF\PUP TAGLIAERBA\TOTALE\ORECC INT POST  2PZ SP12.DXF;-;-;orecc int post  2pz sp12;3;1;-
C:\EASYCUTNESTING BETA\CNCEXAMPLE\EXAMPLEDXF\PUP TAGLIAERBA\TOTALE\ORECCHIA EST LATO DIRITTO ANT 1PZ SP12.DXF;-;-;orecchia est lato diritto ant 1pz sp12;3;1;-
C:\EASYCUTNESTING BETA\CNCEXAMPLE\EXAMPLEDXF\PUP TAGLIAERBA\TOTALE\ORECCHIA EST LATO DIRITTO ANT 1PZ SP 12.DXF;-;-;orecchia est lato diritto ant 1pz sp 12;4;1;-
C:\EASYCUTNESTING BETA\CNCEXAMPLE\EXAMPLEDXF\PUP TAGLIAERBA\TOTALE\ORECCHIA EST LATO SPACC ANT 1PZ SP12.DXF;-;-;orecchia est lato spacc ant 1pz sp12;5;1;-
C:\EASYCUTNESTING BETA\CNCEXAMPLE\EXAMPLEDXF\PUP TAGLIAERBA\TOTALE\ORECCHIA EST LATO SPACC ANT 1PZ SP 12.DXF;-;-;orecchia est lato spacc ant 1pz sp 12;6;1;-
C:\EASYCUTNESTING BETA\CNCEXAMPLE\EXAMPLEDXF\PUP TAGLIAERBA\TOTALE\ORECCHIA INT LATO DRITTO ANT 1PZ SP12.DXF;-;-;orecchia int lato dritto ant 1pz sp12;6;1;-
C:\EASYCUTNESTING BETA\CNCEXAMPLE\EXAMPLEDXF\PUP TAGLIAERBA\TOTALE\ORECCHIA INT LATO DRITTO ANT 1PZ SP 12.DXF;-;-;orecchia int lato dritto ant 1pz sp 12;8;1;-
C:\EASYCUTNESTING BETA\CNCEXAMPLE\EXAMPLEDXF\PUP TAGLIAERBA\TOTALE\ORECCHIA INT LATO SPACC  ANT 1PZ SP 12.DXF;-;-;orecchia int lato spacc  ant 1pz sp 12;1;1;-
C:\EASYCUTNESTING BETA\CNCEXAMPLE\EXAMPLEDXF\PUP TAGLIAERBA\TOTALE\ORECCHIA INT LATO SPACC ANT 1PZ SP12.DXF;-;-;orecchia int lato spacc ant 1pz sp12;2;1;-
C:\EASYCUTNESTING BETA\CNCEXAMPLE\EXAMPLEDXF\PUP TAGLIAERBA\TOTALE\ORECCHIA SUPORTO RULLO 2PZ SP12.DXF;-;-;Orecchia suporto rullo 2pz sp12;3;1;-
C:\EASYCUTNESTING BETA\CNCEXAMPLE\EXAMPLEDXF\PUP TAGLIAERBA\TOTALE\PIASTRA ATT RIDUTTORE 1PZ SP10.DXF;-;-;Piastra att riduttore 1pz sp10;4;1;-
C:\EASYCUTNESTING BETA\CNCEXAMPLE\EXAMPLEDXF\PUP TAGLIAERBA\TOTALE\RAPEZZO CARTER.DXF;-;-;Rapezzo carter;5;1;-
C:\EASYCUTNESTING BETA\CNCEXAMPLE\EXAMPLEDXF\PUP TAGLIAERBA\TOTALE\RONDELA FERMO CUSCINETO RUOTA 2PZ SP2.DXF;-;-;Rondela fermo cuscineto ruota 2pz sp2;6;1;-
C:\EASYCUTNESTING BETA\CNCEXAMPLE\EXAMPLEDXF\PUP TAGLIAERBA\TOTALE\RONDELLA FERMO CUSCINETO RUOTA 2PZ SP2.DXF;-;-;Rondella fermo cuscineto ruota 2pz sp2;3;1;-
C:\EASYCUTNESTING BETA\CNCEXAMPLE\EXAMPLEDXF\PUP TAGLIAERBA\TOTALE\SOST RIDUTTORE ALA ESTERNA 1PZ SP8.DXF;-;-;Sost riduttore ala esterna 1pz sp8;3;1;-
C:\EASYCUTNESTING BETA\CNCEXAMPLE\EXAMPLEDXF\PUP TAGLIAERBA\TOTALE\SOST RIDUTTORE ALA INTERNA 1PZ SP8.DXF;-;-;Sost riduttore ala interna 1pz sp8;2;1;-
C:\EASYCUTNESTING BETA\CNCEXAMPLE\EXAMPLEDXF\PUP TAGLIAERBA\TOTALE\SUPP PIASTRA RID  LATO ESTERNO 1PZ SP8.DXF;-;-;Supp piastra rid  lato esterno 1pz sp8;1;1;-
C:\EASYCUTNESTING BETA\CNCEXAMPLE\EXAMPLEDXF\PUP TAGLIAERBA\TOTALE\SUPP PIASTRA RID  LATO INTERNO 1PZ SP8.DXF;-;-;Supp piastra rid  lato interno 1pz sp8;2;1;-
C:\EASYCUTNESTING BETA\CNCEXAMPLE\EXAMPLEDXF\PUP TAGLIAERBA\TOTALE\SVILUPPO ATT RUOTA 2PZ SP8.DXF;-;-;Sviluppo att ruota 2pz sp8;3;1;-
C:\EASYCUTNESTING BETA\CNCEXAMPLE\EXAMPLEDXF\PUP TAGLIAERBA\TOTALE\TAPPO PER TAPPO PICCOLO 1 PZ SP4.DXF;-;-;Tappo per tappo piccolo 1 pz sp4;2;1;-
C:\EASYCUTNESTING BETA\CNCEXAMPLE\EXAMPLEDXF\PUP TAGLIAERBA\TOTALE\TAPPO SOPRA GRANDE 1PZ SP4.DXF;-;-;tappo sopra grande 1pz sp4;3;1;-
C:\EASYCUTNESTING BETA\CNCEXAMPLE\EXAMPLEDXF\PUP TAGLIAERBA\TOTALE\TAPPO SOPRA PICCOLO 1PZ SP4.DXF;-;-;tappo sopra piccolo 1pz sp4;3;1;-
C:\EASYCUTNESTING BETA\CNCEXAMPLE\EXAMPLEDXF\PUP TAGLIAERBA\TOTALE\TAPPO SOPRA PICCOLO DIETRO 1PZ SP2.DXF;-;-;tappo sopra piccolo dietro 1pz sp2;3;1;-
C:\EASYCUTNESTING BETA\CNCEXAMPLE\EXAMPLEDXF\PUP TAGLIAERBA\TOTALE\TRAVERSA 2PZ SP3.DXF;-;-;Traversa 2pz sp3;3;1;-
C:\EASYCUTNESTING BETA\CNCEXAMPLE\EXAMPLEDXF\PUP TAGLIAERBA\TOTALE\TRAVERSA SUPORTO 1PZ SP3.DXF;-;-;Traversa suporto 1pz sp3;3;1;-
