True;C:\EasyCutBeta\ExampleDxf\Pup Tagliaerba\totale\app ruota avanti  2pz sp8.dxf;-;-;app ruota avanti  2pz sp8;2;8;-;
True;C:\EasyCutBeta\ExampleDxf\Pup Tagliaerba\totale\app ruota avanti sopra  2pz sp8 (1).dxf;-;-;app ruota avanti sopra  2pz sp8 (1);2;8;-;
True;C:\EasyCutBeta\ExampleDxf\Pup Tagliaerba\totale\app ruota avanti sopra  2pz sp8.dxf;-;-;app ruota avanti sopra  2pz sp8;2;8;-;
True;C:\EasyCutBeta\ExampleDxf\Pup Tagliaerba\totale\att ruote ant sotto 2pz sp8.DXF;-;-;att ruote ant sotto 2pz sp8;2;8;-;
True;C:\EasyCutBeta\ExampleDxf\Pup Tagliaerba\totale\Attacco rullo su carter 2pz sp12 (1).DXF;-;-;Attacco rullo su carter 2pz sp12 (1);2;12;-;
True;C:\EasyCutBeta\ExampleDxf\Pup Tagliaerba\totale\Attacco rullo su carter 2pz sp12.DXF;-;-;Attacco rullo su carter 2pz sp12;2;12;-;
True;C:\EasyCutBeta\ExampleDxf\Pup Tagliaerba\totale\Bandella centrale R350  1pz sp6 (1).dxf;-;-;Bandella centrale R350  1pz sp6 (1);1;6;-;
True;C:\EasyCutBeta\ExampleDxf\Pup Tagliaerba\totale\Bandella centrale R350  1pz sp6.dxf;-;-;Bandella centrale R350  1pz sp6;1;6;-;
True;C:\EasyCutBeta\ExampleDxf\Pup Tagliaerba\totale\Bandella centrale R350 1pz sp6.dxf;-;-;Bandella centrale R350 1pz sp6;1;6;-;
True;C:\EasyCutBeta\ExampleDxf\Pup Tagliaerba\totale\Bandella laterale  di raccordo  2pz sp6 (1).dxf;-;-;Bandella laterale  di raccordo  2pz sp6 (1);2;6;-;
True;C:\EasyCutBeta\ExampleDxf\Pup Tagliaerba\totale\Bandella laterale  di raccordo  2pz sp6.dxf;-;-;Bandella laterale  di raccordo  2pz sp6;2;6;-;
True;C:\EasyCutBeta\ExampleDxf\Pup Tagliaerba\totale\Bandella laterale R500   2pz sp6.dxf;-;-;Bandella laterale R500   2pz sp6;2;6;-;
True;C:\EasyCutBeta\ExampleDxf\Pup Tagliaerba\totale\Bandella laterale R500  2pz sp6.dxf;-;-;Bandella laterale R500  2pz sp6;2;6;-;
True;C:\EasyCutBeta\ExampleDxf\Pup Tagliaerba\totale\Bandella posteriore  1pz sp6.dxf;-;-;Bandella posteriore  1pz sp6;1;6;-;
True;C:\EasyCutBeta\ExampleDxf\Pup Tagliaerba\totale\Bandella posteriore 1pz sp6.dxf;-;-;Bandella posteriore 1pz sp6;1;6;-;
True;C:\EasyCutBeta\ExampleDxf\Pup Tagliaerba\totale\Bandelle lat di raccordo 2pz sp6.dxf;-;-;Bandelle lat di raccordo 2pz sp6;2;6;-;
True;C:\EasyCutBeta\ExampleDxf\Pup Tagliaerba\totale\Basse sotto 1pz sp3.dxf;-;-;Basse sotto 1pz sp3;1;3;-;
True;C:\EasyCutBeta\ExampleDxf\Pup Tagliaerba\totale\Cornice pezzo A 1pz sp6.DXF;-;-;Cornice pezzo A 1pz sp6;1;6;-;
True;C:\EasyCutBeta\ExampleDxf\Pup Tagliaerba\totale\Cornice pezzo B 1pz sp6.DXF;-;-;Cornice pezzo B 1pz sp6;1;6;-;
True;C:\EasyCutBeta\ExampleDxf\Pup Tagliaerba\totale\Cornice pezzo C 1pz sp6 (1).DXF;-;-;Cornice pezzo C 1pz sp6 (1);1;6;-;
True;C:\EasyCutBeta\ExampleDxf\Pup Tagliaerba\totale\Cornice pezzo C 1pz sp6.DXF;-;-;Cornice pezzo C 1pz sp6;1;6;-;
True;C:\EasyCutBeta\ExampleDxf\Pup Tagliaerba\totale\Fascia lat diritta 1pz sp5.dxf;-;-;Fascia lat diritta 1pz sp5;1;5;-;
True;C:\EasyCutBeta\ExampleDxf\Pup Tagliaerba\totale\Fascia lat piegata 1pz sp5.dxf;-;-;Fascia lat piegata 1pz sp5;1;5;-;
True;C:\EasyCutBeta\ExampleDxf\Pup Tagliaerba\totale\Fascia lat posteriore 1pz sp5.dxf;-;-;Fascia lat posteriore 1pz sp5;1;5;-;
True;C:\EasyCutBeta\ExampleDxf\Pup Tagliaerba\totale\Flangia 6pz sp8.dxf;-;-;Flangia 6pz sp8;6;8;-;
True;C:\EasyCutBeta\ExampleDxf\Pup Tagliaerba\totale\Flangia albero 3pz sp12 (1).dxf;-;-;Flangia albero 3pz sp12 (1);3;12;-;
True;C:\EasyCutBeta\ExampleDxf\Pup Tagliaerba\totale\Flangia albero 3pz sp12.dxf;-;-;Flangia albero 3pz sp12;3;12;-;
True;C:\EasyCutBeta\ExampleDxf\Pup Tagliaerba\totale\Flangia mozzi 3pz sp15 (1).dxf;-;-;Flangia mozzi 3pz sp15 (1);3;15;-;
True;C:\EasyCutBeta\ExampleDxf\Pup Tagliaerba\totale\Flangia mozzi 3pz sp15.dxf;-;-;Flangia mozzi 3pz sp15;3;15;-;
True;C:\EasyCutBeta\ExampleDxf\Pup Tagliaerba\totale\Forcella ruota 2pz sp12.DXF;-;-;Forcella ruota 2pz sp12;2;12;-;
True;C:\EasyCutBeta\ExampleDxf\Pup Tagliaerba\totale\Forcella ruota senza fori 2pz sp12.dxf;-;-;Forcella ruota senza fori 2pz sp12;2;12;-;
True;C:\EasyCutBeta\ExampleDxf\Pup Tagliaerba\totale\Irrobustimento carter 1pz sp6.dxf;-;-;Irrobustimento carter 1pz sp6;1;6;-;
True;C:\EasyCutBeta\ExampleDxf\Pup Tagliaerba\totale\Irrobustimento lamiera carter 1pz sp6.DXF;-;-;Irrobustimento lamiera carter 1pz sp6;1;6;-;
True;C:\EasyCutBeta\ExampleDxf\Pup Tagliaerba\totale\Irrobustimento lamiera carter sotto 1pz sp6.DXF;-;-;Irrobustimento lamiera carter sotto 1pz sp6;1;6;-;
True;C:\EasyCutBeta\ExampleDxf\Pup Tagliaerba\totale\Lamiera base  carter 1pz sp6.dxf;-;-;Lamiera base  carter 1pz sp6;1;6;-;
True;C:\EasyCutBeta\ExampleDxf\Pup Tagliaerba\totale\Lamiera base carter 1pz sp6.DXF;-;-;Lamiera base carter 1pz sp6;1;6;-;
True;C:\EasyCutBeta\ExampleDxf\Pup Tagliaerba\totale\orecc est post 2 pz sp12.dxf;-;-;orecc est post 2 pz sp12;2;12;-;
True;C:\EasyCutBeta\ExampleDxf\Pup Tagliaerba\totale\orecc est post 2pz sp 12.DXF;-;-;orecc est post 2pz sp 12;2;12;-;
True;C:\EasyCutBeta\ExampleDxf\Pup Tagliaerba\totale\orecc est post int  2pz sp 12.DXF;-;-;orecc est post int  2pz sp 12;2;12;-;
True;C:\EasyCutBeta\ExampleDxf\Pup Tagliaerba\totale\orecc int post  2pz sp12.dxf;-;-;orecc int post  2pz sp12;2;12;-;
True;C:\EasyCutBeta\ExampleDxf\Pup Tagliaerba\totale\orecchia est lato diritto ant 1pz sp 12.DXF;-;-;orecchia est lato diritto ant 1pz sp 12;1;12;-;
True;C:\EasyCutBeta\ExampleDxf\Pup Tagliaerba\totale\orecchia est lato diritto ant 1pz sp12.DXF;-;-;orecchia est lato diritto ant 1pz sp12;1;12;-;
True;C:\EasyCutBeta\ExampleDxf\Pup Tagliaerba\totale\orecchia est lato spacc ant 1pz sp 12.DXF;-;-;orecchia est lato spacc ant 1pz sp 12;1;12;-;
True;C:\EasyCutBeta\ExampleDxf\Pup Tagliaerba\totale\orecchia est lato spacc ant 1pz sp12.DXF;-;-;orecchia est lato spacc ant 1pz sp12;1;12;-;
True;C:\EasyCutBeta\ExampleDxf\Pup Tagliaerba\totale\orecchia int lato dritto ant 1pz sp 12.DXF;-;-;orecchia int lato dritto ant 1pz sp 12;1;12;-;
True;C:\EasyCutBeta\ExampleDxf\Pup Tagliaerba\totale\orecchia int lato dritto ant 1pz sp12.DXF;-;-;orecchia int lato dritto ant 1pz sp12;1;12;-;
True;C:\EasyCutBeta\ExampleDxf\Pup Tagliaerba\totale\orecchia int lato spacc  ant 1pz sp 12.DXF;-;-;orecchia int lato spacc  ant 1pz sp 12;1;12;-;
True;C:\EasyCutBeta\ExampleDxf\Pup Tagliaerba\totale\orecchia int lato spacc ant 1pz sp12.DXF;-;-;orecchia int lato spacc ant 1pz sp12;1;12;-;
True;C:\EasyCutBeta\ExampleDxf\Pup Tagliaerba\totale\Orecchia suporto rullo 2pz sp12.dxf;-;-;Orecchia suporto rullo 2pz sp12;2;12;-;
True;C:\EasyCutBeta\ExampleDxf\Pup Tagliaerba\totale\Piastra att riduttore 1pz sp10.DXF;-;-;Piastra att riduttore 1pz sp10;1;10;-;
True;C:\EasyCutBeta\ExampleDxf\Pup Tagliaerba\totale\Rapezzo carter.dxf;-;-;Rapezzo carter;1;10;-;
True;C:\EasyCutBeta\ExampleDxf\Pup Tagliaerba\totale\Rondela fermo cuscineto ruota 2pz sp2.dxf;-;-;Rondela fermo cuscineto ruota 2pz sp2;2;2;-;
True;C:\EasyCutBeta\ExampleDxf\Pup Tagliaerba\totale\Rondella fermo cuscineto ruota 2pz sp2.dxf;-;-;Rondella fermo cuscineto ruota 2pz sp2;2;2;-;
True;C:\EasyCutBeta\ExampleDxf\Pup Tagliaerba\totale\Sost riduttore ala esterna 1pz sp8.dxf;-;-;Sost riduttore ala esterna 1pz sp8;1;8;-;
True;C:\EasyCutBeta\ExampleDxf\Pup Tagliaerba\totale\Sost riduttore ala interna 1pz sp8.dxf;-;-;Sost riduttore ala interna 1pz sp8;1;8;-;
True;C:\EasyCutBeta\ExampleDxf\Pup Tagliaerba\totale\Supp piastra rid  lato esterno 1pz sp8.DXF;-;-;Supp piastra rid  lato esterno 1pz sp8;1;8;-;
True;C:\EasyCutBeta\ExampleDxf\Pup Tagliaerba\totale\Supp piastra rid  lato interno 1pz sp8.DXF;-;-;Supp piastra rid  lato interno 1pz sp8;1;8;-;
True;C:\EasyCutBeta\ExampleDxf\Pup Tagliaerba\totale\Sviluppo att ruota 2pz sp8.DXF;-;-;Sviluppo att ruota 2pz sp8;2;8;-;
True;C:\EasyCutBeta\ExampleDxf\Pup Tagliaerba\totale\Tappo per tappo piccolo 1 pz sp4.DXF;-;-;Tappo per tappo piccolo 1 pz sp4;1;4;-;
True;C:\EasyCutBeta\ExampleDxf\Pup Tagliaerba\totale\tappo sopra grande 1pz sp4.DXF;-;-;tappo sopra grande 1pz sp4;1;4;-;
True;C:\EasyCutBeta\ExampleDxf\Pup Tagliaerba\totale\tappo sopra piccolo 1pz sp4.DXF;-;-;tappo sopra piccolo 1pz sp4;1;4;-;
True;C:\EasyCutBeta\ExampleDxf\Pup Tagliaerba\totale\tappo sopra piccolo dietro 1pz sp2.DXF;-;-;tappo sopra piccolo dietro 1pz sp2;1;2;-;
True;C:\EasyCutBeta\ExampleDxf\Pup Tagliaerba\totale\Traversa 2pz sp3.dxf;-;-;Traversa 2pz sp3;2;3;-;
True;C:\EasyCutBeta\ExampleDxf\Pup Tagliaerba\totale\Traversa suporto 1pz sp3.dxf;-;-;Traversa suporto 1pz sp3;1;3;-;
